0,0.005220011210762331,0.0006021965886517539,3.50336322871847e-5,3.5033632286995515e-5,10.143437740873098,0.08891030175948116,3.5707378599957957,0.033487927166997666,2.502767850886413,0.025025536972994773,0.9999649663677128,3.5033632286995515e-5,3.5033632286995515e-5,3.5033632286995515e-5,3.5033632286995515e-5,3.5033632286995515e-5,3.5033632286995515e-5,3.5033632286995515e-5,3.5033632286995515e-5,3.5033632286995515e-5,3.5033632286995515e-5,3.5033632286995515e-5,3.5033632286995515e-5,3.5033632286995515e-5,3.5033632286995515e-5,3.5033632286995515e-5
1,0.01396577755410166,0.0008321316867451304,0.0002264720684449495,0.00010374219908357284,10.545280644349358,0.07830864728487413,2.574880442990184,0.025748104935384274,1.8378051849987416,0.01823009668331822,0.9642857142857143,0.001316437373915271,0.03153629316420014,0.001239690352582866,2.516862981979261e-5,2.516862981979261e-5,2.516862981979261e-5,2.516862981979261e-5,2.516862981979261e-5,2.516862981979261e-5,0.004203161179905365,0.00045832678658007083,2.516862981979261e-5,2.516862981979261e-5,2.516862981979261e-5,2.516862981979261e-5
2,0.021974445928818555,0.0008578583824395767,0.0004966944130442297,0.00012927851880740145,11.050311878812805,0.06811589994647703,1.8597230790321475,0.018596145038659063,1.341730070601138,0.013032011471489819,0.967767915281538,0.0010338139686628302,0.02853079269337537,0.0009744881085407591,1.7135611227252474e-5,1.7135611227252474e-5,1.7135611227252474e-5,1.7135611227252474e-5,1.7135611227252474e-5,1.7135611227252474e-5,0.003718427636313787,0.0003559099811508002,1.7135611227252474e-5,1.7135611227252474e-5,1.7135611227252474e-5,1.7135611227252474e-5
3,0.033293516957092,0.0008681587265990881,0.0006909312347761487,0.0001266279168771832,11.431537992781138,0.05817909605481865,1.3325130080157503,0.013324570478275814,0.9702104720386256,0.009137001950037813,0.9768556495652377,0.0007278475864755037,0.020542808259310475,0.000686623127041867,1.1718658447980874e-5,1.1718658447980874e-5,1.1718658447980874e-5,1.1718658447980874e-5,1.1718658447980874e-5,1.1718658447980874e-5,0.002613260833899735,0.00024688431977984323,1.1718658447980874e-5,1.1718658447980874e-5,1.1718658447980874e-5,1.1718658447980874e-5
4,0.042486362696607764,0.0008043159425798174,0.0008508405031887323,0.00011600372331266559,11.722435336251491,0.0490164094119517,0.932399522483088,0.009323929386544217,0.6910147234381218,0.006403803751651786,0.9813373444115493,0.0005398616148243679,0.016195524146054182,0.0005035370301961711,7.958488523859548e-6,7.958488523859548e-6,7.958488523859548e-6,7.958488523859548e-6,7.958488523859548e-6,7.958488523859548e-6,0.0024750899309203198,0.00019808010520461417,7.958488523859548e-6,7.958488523859548e-6,7.958488523859548e-6,7.958488523859548e-6
5,0.05283479075910402,0.0007300639298006683,0.0008680648013037473,9.596643799763393e-5,11.924375033313789,0.0413584522987475,0.6559138638665316,0.006558874312748204,0.48584830232930015,0.004276993915038726,0.9858058119949683,0.00038618607293541303,0.012371276890604011,0.0003608641637257608,5.330149457390785e-6,5.330149457390785e-6,5.330149457390785e-6,5.330149457390785e-6,5.330149457390785e-6,5.330149457390785e-6,0.0018282412638850392,0.00013937633681732607,5.330149457390785e-6,5.330149457390785e-6,5.330149457390785e-6,5.330149457390785e-6
6,0.05804441955580444,0.0007394103389812312,0.0008949910500894998,9.44293421617166e-5,11.539630270941137,0.03570389470630565,0.4488394671257419,0.005159248871909093,0.3442563881854851,0.0035237830126741824,0.9893556329570022,0.0003246219502568551,0.00929317799663704,0.0003035211981542646,5.004403875410361e-6,5.004403875410361e-6,5.004403875410361e-6,5.004403875410361e-6,5.004403875410361e-6,5.004403875410361e-6,0.001356193450236208,0.00011632094427268233,5.004403875410361e-6,5.004403875410361e-6,5.004403875410361e-6,5.004403875410361e-6
7,0.06353436465635344,0.0007713316354789727,0.0010349896501035127,0.00010155877468379593,11.24270999129103,0.03336134890715963,0.31997957896633533,0.004439421209767545,0.2415788261909767,0.002914424648735544,0.9924573064525816,0.0002736971778044791,0.006691825662175419,0.00025790295683063497,5.005105207311458e-6,5.005105207311457e-6,5.005105207311458e-6,5.005105207311457e-6,5.005105207311458e-6,5.005105207311457e-6,0.0008558729904502593,9.2385986048962e-5,5.005105207311458e-6,5.005105207311457e-6,5.005105207311458e-6,5.005105207311457e-6
8,0.06639433605663944,0.0007872968196381667,0.0010549894501055146,0.0001025366506360243,11.09131588167576,0.03203661259128372,0.2192001601681766,0.003658160579838735,0.16091896491315882,0.002235657246888095,0.9943391126771842,0.0002373236806645045,0.004910106510771201,0.00022110241566590053,5.0052054136301756e-6,5.0052054136301756e-6,5.0052054136301756e-6,5.0052054136301756e-6,5.0052054136301756e-6,5.0052054136301756e-6,0.0007557860174581566,8.68045725061182e-5,5.0052054136301756e-6,5.0052054136301756e-6,5.0052054136301756e-6,5.0052054136301756e-6
9,0.07148428515714843,0.0008146887881744762,0.0009449905500945599,9.703595044902342e-5,10.84112065341421,0.030611935175326104,0.15557624166716713,0.0031047218091129663,0.11015354433167177,0.0018183845575325203,0.9959512346482229,0.00020083979103194152,0.003538290610267549,0.00018779200652332623,5.004654328525529e-6,5.004654328525529e-6,5.004654328525529e-6,5.004654328525529e-6,5.004654328525529e-6,5.004654328525529e-6,0.0005154793958381296,7.163754265697691e-5,5.004654328525529e-6,5.004654328525529e-6,5.004654328525529e-6,5.004654328525529e-6
10,0.07092715589394674,0.0008435888594957076,0.0010421729035045013,0.00010589809967085189,10.798082120694502,0.030905983959822223,0.10018594996648576,0.0024999744005693094,0.07617461999178361,0.0015272103151532457,0.9970756440610169,0.00017746455563099305,0.002502729759240641,0.00016419557525872532,5.405463842852356e-6,5.405463842852356e-6,5.405463842852356e-6,5.405463842852356e-6,5.405463842852356e-6,5.405463842852356e-6,0.00042703164358533604,6.771607869858235e-5,5.405463842852356e-6,5.405463842852356e-6,5.405463842852356e-6,5.405463842852356e-6
11,0.07272499594867338,0.000996712146268045,0.0011712016971375805,0.00013107266309664398,10.063039277865455,0.031966168975105694,0.08286257909408694,0.002499978213025051,0.06076785793300786,0.001518393802803232,0.9979277286135694,0.00017449126260965476,0.0018510324483775812,0.0001649146560576964,7.374631268436578e-6,7.374631268436578e-6,7.374631268436578e-6,7.374631268436578e-6,7.374631268436578e-6,7.374631268436578e-6,0.00022861356932153391,5.7591444062196666e-5,7.374631268436578e-6,7.374631268436578e-6,7.374631268436578e-6,7.374631268436578e-6
12,0.07463943672635046,0.0011433314690773694,0.001126168754968404,0.00014560928867443662,9.663773828021375,0.033503441874845635,0.0629287148974874,0.0024999640469895775,0.04744760677606397,0.0016262080798978876,0.9982851729038371,0.00017985634148705995,0.0015063950734249172,0.00016855712630940684,9.474182851729039e-6,9.474182851729039e-6,9.474182851729039e-6,9.474182851729039e-6,9.474182851729039e-6,9.474182851729039e-6,0.00021790620558976786,6.354827397501137e-5,9.474182851729039e-6,9.474182851729039e-6,9.474182851729039e-6,9.474182851729039e-6
13,0.07612500733381573,0.0011727590508701234,0.0006747110476600371,0.00011441570202751923,9.281087322400094,0.032035780652384764,0.05180241888136522,0.0024999550608369066,0.03659634427961955,0.0013113012391236544,0.9984050568504277,0.00017626084666601125,0.001399244603612595,0.00016507418444258786,9.784927297990176e-6,9.784927297990176e-6,9.784927297990176e-6,9.784927297990176e-6,9.784927297990176e-6,9.784927297990176e-6,0.0002054834732577937,6.264812361032316e-5,9.784927297990176e-6,9.784927297990176e-6,9.784927297990176e-6,9.784927297990176e-6
14,0.07650754904619836,0.0017870294375948012,0.0011526986710063136,0.00022701951342050263,9.128394279507603,0.0472355384953403,0.0334902244750181,0.0024999581054325846,0.028014120202751628,0.001652793547681334,0.9991627822781374,0.00019325181335942866,0.0007919627098701182,0.00018788691095402379,2.262750599628909e-5,2.262750599628909e-5,2.262750599628909e-5,2.262750599628909e-5,2.262750599628909e-5,2.262750599628909e-5,6.788251798886728e-5,5.0595725618596424e-5,2.262750599628909e-5,2.262750599628909e-5,2.262750599628909e-5,2.262750599628909e-5
15,0.07619603267211202,0.002339790324776811,0.0007390120575652137,0.00023651070570168548,8.90774620474893,0.059493329996423816,0.02140910860256909,0.0024999759003281143,0.0208641494745037,0.001917191100545082,0.9993383154289274,0.000223525911041083,0.0005838393274170948,0.0002095495824205798,3.892262182780632e-5,3.892262182780632e-5,3.892262182780632e-5,3.892262182780632e-5,3.892262182780632e-5,3.892262182780632e-5,0.00011676786548341896,8.70309179547097e-5,3.892262182780632e-5,3.892262182780632e-5,3.892262182780632e-5,3.892262182780632e-5
16,0.07174744897959183,0.0019648629434746152,0.000956632653061229,0.00023360896254560144,8.75021763101387,0.04947719597385132,0.023504149497997794,0.0024999444279514707,0.014566769195055423,0.0012275036796748622,0.9994487000928505,0.0001764512740984189,0.0004352367688022284,0.00015622413461757143,2.901578458681523e-5,2.901578458681523e-5,2.901578458681523e-5,2.901578458681523e-5,2.901578458681523e-5,2.901578458681523e-5,0.00014507892293407612,8.704286316666495e-5,2.901578458681523e-5,2.901578458681523e-5,2.901578458681523e-5,2.901578458681523e-5
17,0.07553023988144854,0.002542748047470003,0.0006946373992776644,0.00024930438574015965,8.040967652238391,0.055516427004787886,0.0313282046528872,0.0024999359771538466,0.020391139123181017,0.0016774664219529735,0.9993975903614457,0.00023163415797356306,0.0006024096385542168,0.00023163415797355658,4.633920296570899e-5,4.633920296570899e-5,4.633920296570899e-5,4.633920296570899e-5,4.633920296570899e-5,4.633920296570899e-5,4.633920296570899e-5,4.633920296570899e-5,4.633920296570899e-5,4.633920296570899e-5,4.633920296570899e-5,4.633920296570899e-5
18,0.07225682480784522,0.0021073692846214276,0.0012258150013252367,0.0002828974482500307,7.6606514960525445,0.04334091032708918,0.030650832614608905,0.0024999671759215573,0.02030120082266304,0.0014683132022053791,0.9988390606342046,0.00027537502247930055,0.001094599973464243,0.0002672828523355488,3.3169696165583114e-5,3.3169696165583114e-5,3.3169696165583114e-5,3.3169696165583114e-5,3.3169696165583114e-5,3.3169696165583114e-5,9.950908849674934e-5,7.416772711355678e-5,3.3169696165583114e-5,3.3169696165583114e-5,3.3169696165583114e-5,3.3169696165583114e-5
19,0.07742130750605326,0.0029401954081615393,0.001029055690072611,0.00034757046698962775,7.283480790207248,0.05658068694762389,0.02605744758211126,0.0024998691364620383,0.017210035147254877,0.001651039402490399,0.9990911294231701,0.00032616085719209084,0.0006665050896752302,0.0002775844117622897,6.059137178865729e-5,6.059137178865729e-5,6.059137178865729e-5,6.059137178865729e-5,6.059137178865729e-5,6.059137178865729e-5,0.0003029568589432864,0.00018175453159481643,6.059137178865729e-5,6.059137178865729e-5,6.059137178865729e-5,6.059137178865729e-5
20,0.06539252656839219,0.0032357904374627155,0.001285567363729867,0.00046126534478198804,7.02608994164092,0.06021247612091589,0.018194301407483692,0.002499814891586893,0.017164435290078956,0.002173257965727187,0.9990561180710487,0.0003930583935719377,0.0007722670327784453,0.0003536788445587964,8.580744808649392e-5,8.580744808649392e-5,8.580744808649392e-5,8.580744808649392e-5,8.580744808649392e-5,8.580744808649392e-5,0.00025742234425948175,0.0001918581129957721,8.580744808649392e-5,8.580744808649392e-5,8.580744808649392e-5,8.580744808649392e-5
21,0.07447064485081811,0.004071107257115701,0.0013233878729547177,0.0005510044483577667,6.840722891566265,0.06838838105945105,0.014457831325301205,0.0021437876272995563,0.012771084337349397,0.0019328040519711169,0.9993977354854252,0.00036128130099830096,0.0006022645145748012,0.00036128130099831815,0.00012045290291496024,0.00012045290291496024,0.00012045290291496024,0.00012045290291496024,0.00012045290291496024,0.00012045290291496024,0.00012045290291496024,0.00012045290291496024,0.00012045290291496024,0.00012045290291496024,0.00012045290291496024,0.00012045290291496024
22,0.07162661737523107,0.003505008811654747,0.0006469500924214389,0.0003331449348655461,6.67684054753977,0.061430191491471234,0.016278209396966333,0.0024996309037681073,0.01220865704772475,0.0020197226873734718,0.9997225818383577,0.0002067599889539278,0.00027741816164231556,0.0002067599889539103,9.247272054743852e-5,9.247272054743852e-5,9.247272054743852e-5,9.247272054743852e-5,9.247272054743852e-5,9.247272054743852e-5,9.247272054743852e-5,9.247272054743852e-5,9.247272054743852e-5,9.247272054743852e-5,9.247272054743852e-5,9.247272054743852e-5
23,0.0757884028484232,0.0037740857526907118,0.0005086469989826758,0.00030513298918620317,6.458876221498372,0.06458050683559283,0.013029315960912053,0.0020275310918325645,0.010382736156351791,0.0016348063171848747,0.9998982291878691,0.00010177081213108082,0.00010177081213108082,0.00010177081213108082,0.00010177081213108082,0.00010177081213108082,0.00010177081213108082,0.00010177081213108082,0.00010177081213108082,0.00010177081213108082,0.00010177081213108082,0.00010177081213108082,0.00010177081213108082,0.00010177081213108082,0.00010177081213108082,0.00010177081213108082
24,0.07353823088455771,0.003195365097793312,0.002023988005997124,0.0005452132543824336,5.962289663461538,0.04663457909932633,0.021935096153846152,0.0024997718678489724,0.006009615384615385,0.0012184254047535358,0.9982724951179209,0.0005034386198543164,0.0015772870662460567,0.0004805790743097681,7.51089079164789e-5,7.51089079164789e-5,7.51089079164789e-5,7.51089079164789e-5,7.51089079164789e-5,7.51089079164789e-5,0.0002253267237494367,0.0001679385304473883,7.51089079164789e-5,7.51089079164789e-5,7.51089079164789e-5,7.51089079164789e-5
25,0.07895037731534417,0.002883057719067366,0.000743196890006792,0.00028575080456961604,5.613685776404623,0.0386424523576074,0.020940611053896326,0.0024997622524979856,0.008696647213640005,0.001497929223200182,0.9993707093821511,0.00026208964507298425,0.0006292906178489702,0.00026208964507298355,5.7208237986270026e-5,5.7208237986270026e-5,5.7208237986270026e-5,5.7208237986270026e-5,5.7208237986270026e-5,5.7208237986270026e-5,5.7208237986270026e-5,5.7208237986270026e-5,5.7208237986270026e-5,5.7208237986270026e-5,5.7208237986270026e-5,5.7208237986270026e-5
26,0.07515294771968856,0.0031081695171996915,0.001738042269187945,0.00048625390867438484,5.415796071876306,0.04184571926731858,0.020476389469285417,0.0024996975736012858,0.006546872823513024,0.0015803110345456734,0.9993732590529247,0.0002870490525459487,0.0006267409470752088,0.0002870490525459523,6.963788300835654e-5,6.963788300835654e-5,6.963788300835654e-5,6.963788300835654e-5,6.963788300835654e-5,6.963788300835654e-5,6.963788300835654e-5,6.963788300835654e-5,6.963788300835654e-5,6.963788300835654e-5,6.963788300835654e-5,6.963788300835654e-5
27,0.07577586206896553,0.0034741123104535493,0.0014655172413793327,0.0004948895676192948,5.108962182697289,0.041465271543878385,0.016059402521153513,0.002499669902955124,0.005180452426178553,0.0015623520979191755,0.9990504143646408,0.00039543259626565814,0.000949585635359116,0.00039543259626566063,8.632596685082873e-5,8.632596685082873e-5,8.632596685082873e-5,8.632596685082873e-5,8.632596685082873e-5,8.632596685082873e-5,8.632596685082873e-5,8.632596685082873e-5,8.632596685082873e-5,8.632596685082873e-5,8.632596685082873e-5,8.632596685082873e-5
28,0.07950619792725055,0.0027265654658620245,0.0019813046128835943,0.0004453667704030278,5.000814498065567,0.03231994068720615,0.017918957442476072,0.0024999162888109327,0.007432294848299735,0.00168062770045765,0.9997454952662119,0.00015268902007321584,0.00025450473378804846,0.00015268902007321502,5.0900946757609685e-5,5.0900946757609685e-5,5.0900946757609685e-5,5.0900946757609685e-5,5.0900946757609685e-5,5.0900946757609685e-5,5.0900946757609685e-5,5.0900946757609685e-5,5.0900946757609685e-5,5.0900946757609685e-5,5.0900946757609685e-5,5.0900946757609685e-5
29,0.08160919540229884,0.0030109289192382207,0.0010284331518451983,0.00034736029931975264,4.804990310077519,0.03303713076739051,0.015746124031007752,0.0024999853385231606,0.005813953488372093,0.0011726675683546607,0.9995761172338622,0.000218296387128228,0.00042388276613782245,0.00021829638712822017,6.055468087683178e-5,6.055468087683178e-5,6.055468087683178e-5,6.055468087683178e-5,6.055468087683178e-5,6.055468087683178e-5,6.055468087683178e-5,6.055468087683178e-5,6.055468087683178e-5,6.055468087683178e-5,6.055468087683178e-5,6.055468087683178e-5
30,0.08264781491002571,0.004413474489653824,0.001413881748071999,0.0005886592875545438,4.710350154479918,0.046983033425599126,0.01416065911431514,0.0024994872521725392,0.0020597322348094747,0.0008913924173758219,0.9990990990990991,0.00046386945890146387,0.0009009009009009009,0.0004638694589014703,0.00012870012870012872,0.00012870012870012872,0.00012870012870012872,0.00012870012870012872,0.00012870012870012872,0.00012870012870012872,0.00012870012870012872,0.00012870012870012872,0.00012870012870012872,0.00012870012870012872,0.00012870012870012872,0.00012870012870012872
31,0.08678615766604593,0.0024796044369180133,0.0004267535692116242,0.00017775174417016847,3.917637012886198,0.022493304249511518,0.04222946747399472,0.0024999344994618266,0.009781089892873778,0.001169025670107786,0.9983311340526274,0.0003575298884899057,0.0014360009314600636,0.0003313713507766264,3.881083598540712e-5,3.881083598540712e-5,3.881083598540712e-5,3.881083598540712e-5,3.881083598540712e-5,3.881083598540712e-5,0.00027167585189784993,0.0001399194175946129,3.881083598540712e-5,3.881083598540712e-5,3.881083598540712e-5,3.881083598540712e-5
32,0.09463590883824348,0.0028171489869772007,0.001621271076523989,0.0003844809295875191,3.460838901262064,0.022159059397515078,0.03396436525612472,0.0024997808772285824,0.009558277654046028,0.001285969623543936,0.9984689616776468,0.00037377574146307835,0.0013454579196436856,0.00035005171326143124,4.6395100677368466e-5,4.6395100677368466e-5,4.6395100677368466e-5,4.6395100677368466e-5,4.6395100677368466e-5,4.6395100677368466e-5,0.00023197550338684232,0.00013917382046458476,4.6395100677368466e-5,4.6395100677368466e-5,4.6395100677368466e-5,4.6395100677368466e-5
33,0.10280496329954562,0.0028387626821680524,0.0006553652569031287,0.00023521383443315163,3.1176110528156697,0.019638189164259065,0.02911857292759706,0.00249997994987949,0.009268975166142007,0.0014342838200548723,0.9991693625950863,0.00026582290995978594,0.0006557663723004286,0.0002353577541651692,4.3717758153361904e-5,4.3717758153361904e-5,4.3717758153361904e-5,4.3717758153361904e-5,4.3717758153361904e-5,4.3717758153361904e-5,0.0002185887907668095,0.00013114307987985576,4.3717758153361904e-5,4.3717758153361904e-5,4.3717758153361904e-5,4.3717758153361904e-5
34,0.11078748651564185,0.0026615744824749978,0.0014742898238043756,0.0003233946308308479,2.8816623451454912,0.017296693929844318,0.027297608758282917,0.002499955259399675,0.008426966292134831,0.0013398244517880229,0.9993878285920057,0.00020680437730319058,0.0005401512423478574,0.00019387302556357202,3.601008282319049e-5,3.601008282319049e-5,3.601008282319049e-5,3.601008282319049e-5,3.601008282319049e-5,3.601008282319049e-5,0.00010803024846957148,8.05186732134559e-5,3.601008282319049e-5,3.601008282319049e-5,3.601008282319049e-5,3.601008282319049e-5
35,0.11872290462427744,0.0030738537861965043,0.0012192919075144637,0.0003285727525877751,2.6801410743353227,0.01760414197498719,0.024868873213962743,0.0024999740689691814,0.0075058780973051185,0.001354666005702386,0.9991409711547157,0.00027490521763615805,0.0007686047563070803,0.0002596323034039116,4.521204448865178e-5,4.521204448865178e-5,4.521204448865178e-5,4.521204448865178e-5,4.521204448865178e-5,4.521204448865178e-5,0.00013563613346595534,0.00010109354783248715,4.521204448865178e-5,4.521204448865178e-5,4.521204448865178e-5,4.521204448865178e-5
36,0.13325873827791987,0.0035080973287043423,0.0009057971014492239,0.0003059562788608105,2.4775466666666666,0.018011217004009785,0.02016,0.0024998451214382133,0.007253333333333333,0.0019304654366316051,0.9996267064846416,0.0001922471589134897,0.0003732935153583618,0.00019224715891349333,5.332764505119454e-5,5.332764505119454e-5,5.332764505119454e-5,5.332764505119454e-5,5.332764505119454e-5,5.332764505119454e-5,5.332764505119454e-5,5.332764505119454e-5,5.332764505119454e-5,5.332764505119454e-5,5.332764505119454e-5,5.332764505119454e-5
37,0.1340136054421769,0.004748851218488921,0.001457725947521915,0.0005229957145438796,2.397897605606385,0.02334330120662568,0.014794627214327428,0.002499832529439052,0.005839984426708195,0.0016952679350293839,0.9991241728298949,0.00040108938472989056,0.0006811989100817438,0.00035077649983492786,9.73141300116777e-5,9.73141300116777e-5,9.73141300116777e-5,9.73141300116777e-5,9.73141300116777e-5,9.73141300116777e-5,0.0002919423900350331,0.0002175840653975158,9.73141300116777e-5,9.73141300116777e-5,9.73141300116777e-5,9.73141300116777e-5
38,0.14162112932604737,0.004705172644104517,0.0011839708561020013,0.0004551344155487584,2.2611708918475286,0.02121790051035449,0.01477293452489513,0.0024996147446174387,0.002553346708006566,0.0009984425715965045,0.9989970824215901,0.00041763177543323267,0.0008205689277899343,0.00037579229495264386,9.117432530999271e-5,9.117432530999271e-5,9.117432530999271e-5,9.117432530999271e-5,9.117432530999271e-5,9.117432530999271e-5,0.0002735229759299781,0.0002038571156283419,9.117432530999271e-5,9.117432530999271e-5,9.117432530999271e-5,9.117432530999271e-5
39,0.2357492460572502,0.0029845110828762003,0.0009146190735156434,0.00021111022794394134,1.463974663499604,0.009518132135177647,0.0688836104513064,0.002499985264430756,0.02127870150435471,0.0015098273950020914,0.9972536988470484,0.00036730952002679047,0.002548369538324509,0.00035379856925685466,2.4741451828393292e-5,2.4741451828393292e-5,2.4741451828393292e-5,2.4741451828393292e-5,2.4741451828393292e-5,2.4741451828393292e-5,0.0002226730664555396,0.00010200211650702656,2.4741451828393292e-5,2.4741451828393292e-5,2.4741451828393292e-5,2.4741451828393292e-5
40,0.31052141527001864,0.002944005630891214,0.0006274795563112612,0.0001580421983284156,1.1072672769991088,0.007884710190790987,0.05918334278538443,0.00249998234204039,0.019039131491533662,0.0014305409205100875,0.9979543889496496,0.0002868544846395439,0.0016405395552314983,0.00025678205729017325,2.0253574755944424e-5,2.0253574755944424e-5,2.0253574755944424e-5,2.0253574755944424e-5,2.0253574755944424e-5,2.0253574755944424e-5,0.00042532506987483286,0.00012966052639766548,2.0253574755944424e-5,2.0253574755944424e-5,2.0253574755944424e-5,2.0253574755944424e-5
41,0.37348028428153973,0.0029054398996605714,0.0008117175944297728,0.00017010495614003487,0.8890092432120161,0.006267527168827351,0.04419410745233969,0.0024999744242982565,0.014731369150779897,0.0011666454092963603,0.9990793226703253,0.00018134425621440788,0.0008123623497129653,0.00017024001907818,1.8052496660288115e-5,1.8052496660288115e-5,1.8052496660288115e-5,1.8052496660288115e-5,1.8052496660288115e-5,1.8052496660288115e-5,0.00012636747662201682,6.508594825121958e-5,1.8052496660288115e-5,1.8052496660288115e-5,1.8052496660288115e-5,1.8052496660288115e-5
42,0.4130468447541618,0.00433265038230909,0.0011227255129694358,0.000292133673713669,0.7595348837209303,0.007594850737886012,0.028294573643410852,0.002483951341067857,0.00875968992248062,0.0013337684150004222,0.9990310828617937,0.0002711731611627492,0.0008914037671498333,0.00025987934345727496,3.875668552825362e-5,3.875668552825362e-5,3.875668552825362e-5,3.875668552825362e-5,3.875668552825362e-5,3.875668552825362e-5,0.00011627005658476087,8.665989617020484e-5,3.875668552825362e-5,3.875668552825362e-5,3.875668552825362e-5,3.875668552825362e-5
43,0.44778491275864307,0.004004873205578315,0.0011999740546150273,0.0002769372313427966,0.6696324197947785,0.006696147347559411,0.024808416677490584,0.0022427620724867537,0.009286920379270034,0.0013304690291506057,0.9993830768231704,0.00019744894693656746,0.0005519838950581206,0.0001864768945088439,3.24696408857718e-5,3.24696408857718e-5,3.24696408857718e-5,3.24696408857718e-5,3.24696408857718e-5,3.24696408857718e-5,9.740892265731539e-5,7.260243812954635e-5,3.24696408857718e-5,3.24696408857718e-5,3.24696408857718e-5,3.24696408857718e-5
44,0.46722458035886555,0.003465088139107324,0.0014229210881728793,0.00026068759245609065,0.6199401024055646,0.0051016122319010445,0.023765819727562556,0.002499933066376176,0.006955849676359772,0.0013167159975248533,0.9994928271265034,0.0001546059817459474,0.00045887069506834766,0.00014687426744323338,2.415108921412356e-5,2.415108921412356e-5,2.415108921412356e-5,2.415108921412356e-5,2.415108921412356e-5,2.415108921412356e-5,7.245326764237067e-5,5.4002433758723955e-5,2.415108921412356e-5,2.415108921412356e-5,2.415108921412356e-5,2.415108921412356e-5
45,0.4934740882917467,0.004380706340178817,0.0011900191938579718,0.0002996477751872364,0.568375739872396,0.005683095295104236,0.014605273272349912,0.0022690180102956977,0.005150280574986548,0.0012832348495747747,0.9998847040737894,8.593386710034056e-5,3.8431975403535745e-5,3.8431975403535745e-5,3.8431975403535745e-5,3.8431975403535745e-5,3.8431975403535745e-5,3.8431975403535745e-5,3.8431975403535745e-5,3.8431975403535745e-5,0.00011529592621060723,8.593386710032192e-5,3.8431975403535745e-5,3.8431975403535745e-5,3.8431975403535745e-5,3.8431975403535745e-5
46,0.4950938304918435,0.003196905115708599,0.0010016762745819197,0.00020123623702133044,0.5594663174265367,0.005594359307604103,0.013342064336580176,0.0014594801703604358,0.005893427191618237,0.0011770822432806325,0.9996930632289749,0.0001101784319194721,0.000266011868221813,0.00010230019690084428,2.0462451401677923e-5,2.0462451401677923e-5,2.0462451401677923e-5,2.0462451401677923e-5,2.0462451401677923e-5,2.0462451401677923e-5,6.138735420503377e-5,4.575468326900364e-5,2.0462451401677923e-5,2.0462451401677923e-5,2.0462451401677923e-5,2.0462451401677923e-5
47,0.5104848768319302,0.004413620762735218,0.0013642033052697622,0.0003235577393020765,0.527400468384075,0.005273360501031934,0.011475409836065573,0.0017755976706744273,0.002185792349726776,0.0006712804740991991,0.9997267972835844,0.0001407057035084111,0.00027320271641558035,0.0001407057035083987,3.9028959487940054e-5,3.9028959487940054e-5,3.9028959487940054e-5,3.9028959487940054e-5,3.9028959487940054e-5,3.9028959487940054e-5,3.9028959487940054e-5,3.9028959487940054e-5,3.9028959487940054e-5,3.9028959487940054e-5,3.9028959487940054e-5,3.9028959487940054e-5
48,0.5183778167413469,0.004026522836900819,0.0008766803039157445,0.00023628463134775857,0.5121221969450763,0.004795956573446291,0.01351966200844979,0.002499932533532999,0.004159896002599935,0.0012464744165652428,0.9998375146236838,9.748559294140574e-5,0.00016248537631613152,9.748559294138973e-5,3.2497075263226306e-5,3.2497075263226306e-5,3.2497075263226306e-5,3.2497075263226306e-5,3.2497075263226306e-5,3.2497075263226306e-5,3.2497075263226306e-5,3.2497075263226306e-5,3.2497075263226306e-5,3.2497075263226306e-5,3.2497075263226306e-5,3.2497075263226306e-5
49,0.8866456764384689,0.0011938980325485163,0.0009431420102397059,0.00011538405428959233,0.14112319354930297,0.002499982409081977,0.07617614491354589,0.0015788573448199865,0.021166349620964767,0.000851467827673723,0.9973808611217581,0.00019244149806297705,0.0023210255099867976,0.00018117007770915262,7.097937339409168e-6,7.097937339409168e-6,7.097937339409168e-6,7.097937339409168e-6,7.097937339409168e-6,7.097937339409168e-6,0.0003052113055945942,6.543010853252796e-5,7.097937339409168e-6,7.097937339409168e-6,7.097937339409168e-6,7.097937339409168e-6
50,0.9478156084980965,0.0008713276856586322,0.0010208154242907774,0.00012488182450536296,0.08081196121517586,0.0024999795543884195,0.04994083931342871,0.001612218694617575,0.01582740445933279,0.0008730160820695538,0.9987169243062171,0.00014011403087083266,0.001160146285995267,0.00013322001694608766,7.683087986723622e-6,7.683087986723622e-6,7.683087986723622e-6,7.683087986723622e-6,7.683087986723622e-6,7.683087986723622e-6,0.0001306124957743016,4.413334954102617e-5,7.683087986723622e-6,7.683087986723622e-6,7.683087986723622e-6,7.683087986723622e-6
51,0.969016388026168,0.0007042271856166298,0.0010159915416638743,0.0001292260224812316,0.054555978170993884,0.0024999735892762666,0.03193319001157599,0.0013622265290696436,0.013643128824210352,0.0009224983160203212,0.9994294785930445,9.675243437195706e-5,0.00048783714507780586,8.941543865472326e-5,8.268426187759421e-6,8.268426187759421e-6,8.268426187759421e-6,8.268426187759421e-6,8.268426187759421e-6,8.268426187759421e-6,9.095268806535363e-5,3.788919694206991e-5,8.268426187759421e-6,8.268426187759421e-6,8.268426187759421e-6,8.268426187759421e-6
52,0.979631959735766,0.0006694845398040966,0.0010448029479170895,0.00015272634614355355,0.03146719449380328,0.002499948243579592,0.025191749701972604,0.0015923605904112782,0.009491891405564678,0.0010018793321540534,0.9995838956365272,9.606722530071793e-5,0.00039361223571749885,9.339921963559438e-5,1.1246063877642825e-5,1.1246063877642825e-5,1.1246063877642825e-5,1.1246063877642825e-5,1.1246063877642825e-5,1.1246063877642825e-5,3.373819163292848e-5,2.5146737060123058e-5,1.1246063877642825e-5,1.1246063877642825e-5,1.1246063877642825e-5,1.1246063877642825e-5
53,0.9845391774241968,0.0005927839646238244,0.0009583631619056732,0.0001482482372039997,0.02699891357111486,0.0024999756761205118,0.01911652527680821,0.001554643843242834,0.007212038556667668,0.0007892437444712851,0.999711062826499,8.089141622364598e-5,0.0002658221996209144,7.752034098500388e-5,1.1557486940039758e-5,1.1557486940039758e-5,1.1557486940039758e-5,1.1557486940039758e-5,1.1557486940039758e-5,1.1557486940039758e-5,3.467246082011927e-5,2.584308749324052e-5,1.1557486940039758e-5,1.1557486940039758e-5,1.1557486940039758e-5,1.1557486940039758e-5
54,0.9873812199856954,0.0006512153725722637,0.000936616600252016,0.00017771106087992216,0.019875225854839258,0.0024999861733739923,0.01847748269866703,0.0020517491240129226,0.006545528926465073,0.0010881362902453282,0.9998125042612668,7.81039700231639e-5,0.0001534056044180814,7.027410223294967e-5,1.70450671575646e-5,1.70450671575646e-5,1.70450671575646e-5,1.70450671575646e-5,1.70450671575646e-5,1.70450671575646e-5,5.11352014726938e-5,3.811340910052029e-5,1.70450671575646e-5,1.70450671575646e-5,1.70450671575646e-5,1.70450671575646e-5
55,0.9886526946107784,0.0008190927105157096,0.0008682634730537986,0.00022594983612677196,0.014204375187293977,0.0024998600311847852,0.017440815103386274,0.0024419175749770547,0.0068924183398261915,0.0014261807284404369,0.9998501737983938,8.989093166575615e-5,0.00014982620160613688,8.989093166574045e-5,2.9965240321227377e-5,2.9965240321227377e-5,2.9965240321227377e-5,2.9965240321227377e-5,2.9965240321227377e-5,2.9965240321227377e-5,2.9965240321227377e-5,2.9965240321227377e-5,2.9965240321227377e-5,2.9965240321227377e-5,2.9965240321227377e-5,2.9965240321227377e-5
56,0.9886281706757554,0.0008578168936760703,0.0010159271154224214,0.00025583247397321045,0.014894035824420969,0.0024999257791727416,0.014959648317039564,0.0023314806749408805,0.006561249261859458,0.0017961448851076952,0.9998359795302454,9.840654206307291e-5,0.00016402046975462535,9.840654206306581e-5,3.2804093950925076e-5,3.2804093950925076e-5,3.2804093950925076e-5,3.2804093950925076e-5,3.2804093950925076e-5,3.2804093950925076e-5,3.2804093950925076e-5,3.2804093950925076e-5,3.2804093950925076e-5,3.2804093950925076e-5,3.2804093950925076e-5,3.2804093950925076e-5
57,0.9898382867132867,0.0014787248976687953,0.0009833916083916705,0.00045032876447103303,0.01028221395755852,0.0024995935271946448,0.008750820389411508,0.002413194280784092,0.006781885801793918,0.002384656308054227,0.9996719160104988,0.0002445179674808613,0.0003280839895013124,0.0002445179674808608,0.0001093613298337708,0.0001093613298337708,0.0001093613298337708,0.0001093613298337708,0.0001093613298337708,0.0001093613298337708,0.0001093613298337708,0.0001093613298337708,0.0001093613298337708,0.0001093613298337708,0.0001093613298337708,0.0001093613298337708
58,0.9903105974615622,0.00044488996059045615,0.0011247549272520585,0.00015192185449349615,0.015454545454545455,0.0024999780149535028,0.014132231404958678,0.0015247942400158836,0.005123966942148761,0.0007604757674019243,0.9997830623334228,6.61399439968699e-5,0.0001962769364269333,6.283147294822213e-5,1.0330365075101754e-5,1.0330365075101752e-5,1.0330365075101754e-5,1.0330365075101752e-5,1.0330365075101754e-5,1.0330365075101752e-5,3.0991095225305263e-5,2.3099207635408206e-5,1.0330365075101754e-5,1.0330365075101752e-5,1.0330365075101754e-5,1.0330365075101752e-5
59,0.9903524000132689,0.0003249907616471926,0.0010780985658525033,0.00010898487334875224,0.01680337395809119,0.0024999991138591527,0.01140149879896833,0.0008285307238951588,0.00396285103886472,0.0005394120530802433,0.9998284259464247,4.322344403241228e-5,0.0001383661722382112,3.874000751477672e-5,5.534646889528449e-6,5.534646889528448e-6,5.534646889528449e-6,5.534646889528448e-6,5.534646889528449e-6,5.534646889528448e-6,3.874252822669914e-5,1.9955147294520122e-5,5.534646889528449e-6,5.534646889528448e-6,5.534646889528449e-6,5.534646889528448e-6
60,0.9906797079878091,0.0008082236532538511,0.000885959316748175,0.0002479652389880589,0.007448921679909194,0.001148816465214685,0.012911464245175936,0.00249987981932005,0.00510783200908059,0.0014393758225564979,0.9999645314605943,3.546853940554728e-5,3.546853940554728e-5,3.546853940554728e-5,3.546853940554728e-5,3.546853940554728e-5,3.546853940554728e-5,3.546853940554728e-5,3.546853940554728e-5,3.546853940554728e-5,3.546853940554728e-5,3.546853940554728e-5,3.546853940554728e-5,3.546853940554728e-5,3.546853940554728e-5,3.546853940554728e-5
61,0.9914452547299709,0.00046487635806870335,0.0010326890713447945,0.00016168781101194978,0.011001352834571305,0.0024999700241428494,0.009393266457360185,0.0011831680109677986,0.004390331061592261,0.0009527700382445294,0.9998596150901016,5.8480488845003366e-5,0.00011486038082597375,5.2617636382129123e-5,1.2762264536219306e-5,1.2762264536219306e-5,1.2762264536219306e-5,1.2762264536219306e-5,1.2762264536219306e-5,1.2762264536219306e-5,3.8286793608657915e-5,2.853699968053069e-5,1.2762264536219306e-5,1.2762264536219306e-5,1.2762264536219306e-5,1.2762264536219306e-5
62,0.9929408949509452,0.001289706936851296,0.0008375209380234727,0.00043124625210692934,0.005508982035928144,0.002499517708537233,0.006227544910179641,0.0020861196476182654,0.0033532934131736527,0.0015881446850718728,0.9998802681992337,0.00011973180076628352,0.00011973180076628352,0.00011973180076628352,0.00011973180076628352,0.00011973180076628352,0.00011973180076628352,0.00011973180076628352,0.00011973180076628352,0.00011973180076628352,0.00011973180076628352,0.00011973180076628352,0.00011973180076628352,0.00011973180076628352,0.00011973180076628352,0.00011973180076628352
63,0.9917982239763197,0.0009997947951097626,0.00043167242229902314,0.00022230731508945806,0.009378084896347482,0.002218817912631724,0.00851431391905232,0.002499986484255797,0.0037018756169792696,0.0019970362416045534,0.9998149290561382,0.00013793692820289192,6.169031462060457e-5,6.169031462060457e-5,6.169031462060457e-5,6.169031462060457e-5,6.169031462060457e-5,6.169031462060457e-5,6.169031462060457e-5,6.169031462060457e-5,0.00018507094386181367,0.00013793692820289114,6.169031462060457e-5,6.169031462060457e-5,6.169031462060457e-5,6.169031462060457e-5
64,0.9923070726599001,0.0007831714890295933,0.0015708071532141155,0.0003531630974996199,0.009278683233822818,0.0024999221191999207,0.008875262223656607,0.0023840702663850545,0.003792157495562369,0.001566296657122118,0.999798305768455,0.00012100785939538232,0.00012101653892698668,9.019749133485421e-5,4.033884630899556e-5,4.033884630899556e-5,4.033884630899556e-5,4.033884630899556e-5,4.033884630899556e-5,4.033884630899556e-5,0.00012101653892698668,9.019749133485421e-5,4.033884630899556e-5,4.033884630899556e-5,4.033884630899556e-5,4.033884630899556e-5
65,0.9955089820359281,0.0020535653369496434,0.0014970059880239361,0.0011153564197818552,0.002,0.0014135055705578234,0.0,0.0,0.002,0.0014135055705578234,0.9995004995004996,0.0004995004995004996,0.0004995004995004996,0.0004995004995004996,0.0004995004995004996,0.0004995004995004996,0.0004995004995004996,0.0004995004995004996,0.0004995004995004996,0.0004995004995004996,0.0004995004995004996,0.0004995004995004996,0.0004995004995004996,0.0004995004995004996,0.0004995004995004996,0.0004995004995004996
66,0.9935129740518962,0.00248782117328762,0.0014970059880239361,0.0011153564197818552,0.003,0.0022351724756707247,0.002,0.0014135055705578234,0.001,0.001,0.9995004995004996,0.0004995004995004996,0.0004995004995004996,0.0004995004995004996,0.0004995004995004996,0.0004995004995004996,0.0004995004995004996,0.0004995004995004996,0.0004995004995004996,0.0004995004995004996,0.0004995004995004996,0.0004995004995004996,0.0004995004995004996,0.0004995004995004996,0.0004995004995004996,0.0004995004995004996
67,0.9916234783656743,0.0009988073979901703,0.0011449921658430728,0.0003663704582530654,0.010377700012067092,0.002499838358346565,0.008567636056473996,0.0020775997452739865,0.0016893930252202245,0.0007436789145510351,0.999698359073359,0.00018096514198796525,0.00018098455598455598,0.0001348914118927087,6.032818532818533e-5,6.032818532818533e-5,6.032818532818533e-5,6.032818532818533e-5,6.032818532818533e-5,6.032818532818533e-5,0.00018098455598455598,0.0001348914118927087,6.032818532818533e-5,6.032818532818533e-5,6.032818532818533e-5,6.032818532818533e-5
68,0.9915169660678643,0.002855418997587943,0.0014970059880239361,0.0011153564197818552,0.001,0.001,0.005,0.0022315868748448895,0.001,0.001,0.9995004995004996,0.0004995004995004996,0.0004995004995004996,0.0004995004995004996,0.0004995004995004996,0.0004995004995004996,0.0004995004995004996,0.0004995004995004996,0.0004995004995004996,0.0004995004995004996,0.0004995004995004996,0.0004995004995004996,0.0004995004995004996,0.0004995004995004996,0.0004995004995004996,0.0004995004995004996
69,0.9917693771196956,0.0004742293381714989,0.000785838365456204,0.00014649788685595645,0.011645234284452785,0.00249997839907263,0.006595286715602406,0.0008556559792411768,0.001904078591533749,0.0003871952479879561,0.9999310135489391,4.13908553149697e-5,6.898645106101161e-5,4.1390855314978885e-5,1.3797290212202324e-5,1.3797290212202326e-5,1.3797290212202324e-5,1.3797290212202326e-5,1.3797290212202324e-5,1.3797290212202326e-5,1.3797290212202324e-5,1.3797290212202326e-5,1.3797290212202324e-5,1.3797290212202326e-5,1.3797290212202324e-5,1.3797290212202326e-5
70,0.9907586104513065,0.0008235919552577414,0.0015216745843230628,0.000333781140236173,0.00981339677347409,0.0024999778284191822,0.007360047580105568,0.0015811064586619449,0.002230317448516839,0.0009748578794741779,0.9997398156407968,0.00013400163949977203,0.00026018435920309246,0.00013400163949976187,3.716919417187035e-5,3.716919417187035e-5,3.716919417187035e-5,3.716919417187035e-5,3.716919417187035e-5,3.716919417187035e-5,3.716919417187035e-5,3.716919417187035e-5,3.716919417187035e-5,3.716919417187035e-5,3.716919417187035e-5,3.716919417187035e-5
71,0.9938785504407444,0.0017090628563110738,0.0007345739471106283,0.0005474117788113969,0.004411764705882353,0.0018964717128528608,0.0014705882352941176,0.0008486280089448123,0.0029411764705882353,0.002499283616847466,0.9997550220480157,0.0002449779519843214,0.0002449779519843214,0.0002449779519843214,0.0002449779519843214,0.0002449779519843214,0.0002449779519843214,0.0002449779519843214,0.0002449779519843214,0.0002449779519843214,0.0002449779519843214,0.0002449779519843214,0.0002449779519843214,0.0002449779519843214,0.0002449779519843214,0.0002449779519843214
72,0.9914249833209058,0.000577293886511048,0.0010399905812173982,0.0002009687848124651,0.010685943270212933,0.002499950387263077,0.00648228176318064,0.0009213112295344542,0.0029464917105366546,0.0008322786632463076,0.9998625024553133,7.081821134916331e-5,9.821253191907288e-5,5.892546128503189e-5,1.9642506383814576e-5,1.9642506383814576e-5,1.9642506383814576e-5,1.9642506383814576e-5,1.9642506383814576e-5,1.9642506383814576e-5,5.8927519151443724e-5,4.3921289299933905e-5,1.9642506383814576e-5,1.9642506383814576e-5,1.9642506383814576e-5,1.9642506383814576e-5
73,0.9928792569659441,0.0012036997797130028,0.0003095975232197956,0.00023074131305152526,0.00970472847408631,0.0024998515104531762,0.003716704521990502,0.0012378776216120152,0.0008259343382201115,0.0004128392164597002,0.999896779521057,0.0001032204789430223,0.0001032204789430223,0.0001032204789430223,0.0001032204789430223,0.0001032204789430223,0.0001032204789430223,0.0001032204789430223,0.0001032204789430223,0.0001032204789430223,0.0001032204789430223,0.0001032204789430223,0.0001032204789430223,0.0001032204789430223,0.0001032204789430223,0.0001032204789430223
74,0.9925224327018944,0.002675459749723956,0.002492522432701927,0.0014941861787210035,0.004,0.0024474456051136236,0.003,0.0022351724756707247,0.0,0.0,0.9995004995004996,0.0004995004995004996,0.0004995004995004996,0.0004995004995004996,0.0004995004995004996,0.0004995004995004996,0.0004995004995004996,0.0004995004995004996,0.0004995004995004996,0.0004995004995004996,0.0004995004995004996,0.0004995004995004996,0.0004995004995004996,0.0004995004995004996,0.0004995004995004996,0.0004995004995004996
75,0.9975024975024975,0.0014971689046420979,0.0004995004995004271,0.0004995004995004996,0.002,0.0014135055705578234,0.0,0.0,0.0,0.0,0.9995004995004996,0.0004995004995004996,0.0004995004995004996,0.0004995004995004996,0.0004995004995004996,0.0004995004995004996,0.0004995004995004996,0.0004995004995004996,0.0004995004995004996,0.0004995004995004996,0.0004995004995004996,0.0004995004995004996,0.0004995004995004996,0.0004995004995004996,0.0004995004995004996,0.0004995004995004996
76,0.9900240384615384,0.0015363156665744145,0.0015625000000000222,0.0006005452439430159,0.008186852877437997,0.0024994350428773327,0.006019744762822056,0.0016127579662565709,0.0026486876956417047,0.0014642666283102748,0.9998796340876265,0.00012036591237361582,0.0001203659123736158,0.00012036591237361582,0.0001203659123736158,0.00012036591237361582,0.0001203659123736158,0.00012036591237361582,0.0001203659123736158,0.00012036591237361582,0.0001203659123736158,0.00012036591237361582,0.0001203659123736158,0.00012036591237361582,0.0001203659123736158,0.00012036591237361582
77,0.9928331808478195,0.001465404705648547,0.0013723696248856276,0.0006283527448193165,0.006719609040928528,0.0021997388349341215,0.004581551618814905,0.002345095778174166,0.003970678069639585,0.0024995262376054407,0.9998473282442748,0.00015267175572519084,0.00015267175572519084,0.00015267175572519084,0.00015267175572519084,0.00015267175572519084,0.00015267175572519084,0.00015267175572519084,0.00015267175572519084,0.00015267175572519084,0.00015267175572519084,0.00015267175572519084,0.00015267175572519084,0.00015267175572519084,0.00015267175572519084,0.00015267175572519084
78,0.992159383033419,0.0008153615153240461,0.0010711225364181676,0.0002997632084894961,0.00875010723170627,0.0024998454977593148,0.009350604786823367,0.0023989979283536825,0.001801492665351291,0.000636009734168833,0.9998713329902214,9.589943589894617e-5,0.00012866700977869275,9.589943589896392e-5,4.2889003259564245e-5,4.2889003259564245e-5,4.2889003259564245e-5,4.2889003259564245e-5,4.2889003259564245e-5,4.2889003259564245e-5,4.2889003259564245e-5,4.2889003259564245e-5,4.2889003259564245e-5,4.2889003259564245e-5,4.2889003259564245e-5,4.2889003259564245e-5
79,0.9909234411996843,0.0026360093565473038,0.0011838989739542116,0.0008821473430474755,0.005533596837944664,0.0020865330975262746,0.0007905138339920949,0.0007905138339920949,0.0031620553359683794,0.002499230854147049,0.9996050552922591,0.00039494470774091627,0.00039494470774091627,0.00039494470774091627,0.00039494470774091627,0.00039494470774091627,0.00039494470774091627,0.00039494470774091627,0.00039494470774091627,0.00039494470774091627,0.00039494470774091627,0.00039494470774091627,0.00039494470774091627,0.00039494470774091627,0.00039494470774091627,0.00039494470774091627
80,0.9895418326693226,0.0031732603641493194,0.003486055776892427,0.0017931127816192248,0.005,0.0022315868748448895,0.003,0.001730316154346943,0.002,0.0014135055705578234,0.9995004995004996,0.0004995004995004996,0.0004995004995004996,0.0004995004995004996,0.0004995004995004996,0.0004995004995004996,0.0004995004995004996,0.0004995004995004996,0.0004995004995004996,0.0004995004995004996,0.0004995004995004996,0.0004995004995004996,0.0004995004995004996,0.0004995004995004996,0.0004995004995004996,0.0004995004995004996
81,0.9915835411471322,0.002260314505098343,0.0015586034912716817,0.0009346433887148431,0.003123048094940662,0.002070771652589039,0.005621486570893191,0.002067471991588206,0.0024984384759525295,0.0024984384759525295,0.999063670411985,0.0006977244818556526,0.0009363295880149812,0.0006977244818556507,0.00031210986267166043,0.00031210986267166043,0.00031210986267166043,0.00031210986267166043,0.00031210986267166043,0.00031210986267166043,0.00031210986267166043,0.00031210986267166043,0.00031210986267166043,0.00031210986267166043,0.00031210986267166043,0.00031210986267166043
82,0.992173676330475,0.0010258730806541679,0.0010208248264597097,0.0003663186981792406,0.006949175637007767,0.001841608454921971,0.00803924240359722,0.0024997801245407398,0.002725166916473634,0.0015533642975241078,0.9997956403269754,0.00015231240470086057,6.811989100817438e-5,6.811989100817438e-5,6.811989100817438e-5,6.811989100817438e-5,6.811989100817438e-5,6.811989100817438e-5,6.811989100817438e-5,6.811989100817438e-5,0.00020435967302452314,0.00015231240470087575,6.811989100817438e-5,6.811989100817438e-5,6.811989100817438e-5,6.811989100817438e-5
83,0.9910919540229886,0.0012970998036643529,0.0018199233716474916,0.0005821510893521868,0.008829174664107486,0.0024998216183631044,0.006525911708253359,0.0023492441048531968,0.0005758157389635317,0.0005758157389635317,0.9995202456342354,0.0002878035041371427,0.0004797543657647285,0.000287803504137154,9.59508731529457e-5,9.59508731529457e-5,9.59508731529457e-5,9.59508731529457e-5,9.59508731529457e-5,9.59508731529457e-5,9.59508731529457e-5,9.59508731529457e-5,9.59508731529457e-5,9.59508731529457e-5,9.59508731529457e-5,9.59508731529457e-5
84,0.9928944974988632,0.0008938290319176693,0.0008526603001364208,0.00030599677484104685,0.0073964497041420114,0.0024997235174358382,0.005803368229403733,0.0015878962790767297,0.004893035958124715,0.0019204222323247388,0.999943110706565,5.688929343497555e-5,5.688929343497555e-5,5.688929343497555e-5,5.688929343497555e-5,5.688929343497555e-5,5.688929343497555e-5,5.688929343497555e-5,5.688929343497555e-5,5.688929343497555e-5,5.688929343497555e-5,5.688929343497555e-5,5.688929343497555e-5,5.688929343497555e-5,5.688929343497555e-5,5.688929343497555e-5
85,0.992402755267423,0.001231869799534712,0.0011142625607779566,0.00046397530799041284,0.005070993914807302,0.0015298577809324688,0.006085192697768763,0.002499527787898963,0.002434077079107505,0.0012825328659867169,0.9998986006895152,0.0001013993104846887,0.0001013993104846887,0.0001013993104846887,0.0001013993104846887,0.0001013993104846887,0.0001013993104846887,0.0001013993104846887,0.0001013993104846887,0.0001013993104846887,0.0001013993104846887,0.0001013993104846887,0.0001013993104846887,0.0001013993104846887,0.0001013993104846887,0.0001013993104846887
86,0.9924935064935064,0.000621583458250668,0.0009090909090908594,0.00021566255027854705,0.008787437603993344,0.0024999722713763056,0.006083610648918469,0.0012108822837961408,0.0024438435940099834,0.0011544089975444956,0.9998180211095513,9.372671146051343e-5,0.00012998492174907708,7.79873482816761e-5,2.599698434981542e-5,2.599698434981542e-5,2.599698434981542e-5,2.599698434981542e-5,2.599698434981542e-5,2.599698434981542e-5,7.799095304944626e-5,5.812981515568727e-5,2.599698434981542e-5,2.599698434981542e-5,2.599698434981542e-5,2.599698434981542e-5
87,0.9945109780439121,0.0022812688155149164,0.0014970059880239361,0.0011153564197818552,0.002,0.0014135055705578234,0.003,0.0022351724756707247,0.0,0.0,0.9995004995004996,0.0004995004995004996,0.0004995004995004996,0.0004995004995004996,0.0004995004995004996,0.0004995004995004996,0.0004995004995004996,0.0004995004995004996,0.0004995004995004996,0.0004995004995004996,0.0004995004995004996,0.0004995004995004996,0.0004995004995004996,0.0004995004995004996,0.0004995004995004996,0.0004995004995004996
88,0.9895418326693226,0.0031732603641493194,0.003486055776892427,0.0017931127816192248,0.003,0.001730316154346943,0.004,0.001996994739098726,0.0,0.0,0.9995004995004996,0.0004995004995004996,0.0004995004995004996,0.0004995004995004996,0.0004995004995004996,0.0004995004995004996,0.0004995004995004996,0.0004995004995004996,0.0004995004995004996,0.0004995004995004996,0.0004995004995004996,0.0004995004995004996,0.0004995004995004996,0.0004995004995004996,0.0004995004995004996,0.0004995004995004996
89,0.9945109780439121,0.0022812688155149164,0.0014970059880239361,0.0011153564197818552,0.004,0.0024474456051136236,0.0,0.0,0.002,0.002,0.9995004995004996,0.0004995004995004996,0.0004995004995004996,0.0004995004995004996,0.0004995004995004996,0.0004995004995004996,0.0004995004995004996,0.0004995004995004996,0.0004995004995004996,0.0004995004995004996,0.0004995004995004996,0.0004995004995004996,0.0004995004995004996,0.0004995004995004996,0.0004995004995004996,0.0004995004995004996
90,0.9919735599622286,0.002702296253181205,0.00047214353163349543,0.0004721435316336167,0.004725897920604915,0.002497666456362482,0.003780718336483932,0.001887674633157456,0.0,0.0,0.9995278564683665,0.0004721435316336167,0.0004721435316336167,0.0004721435316336167,0.0004721435316336167,0.0004721435316336167,0.0004721435316336167,0.0004721435316336167,0.0004721435316336167,0.0004721435316336167,0.0004721435316336167,0.0004721435316336167,0.0004721435316336167,0.0004721435316336167,0.0004721435316336167,0.0004721435316336167
91,0.9911710747592111,0.0008170206545426832,0.0014905977679253724,0.00033514264362735353,0.007426121574031542,0.001602812078990314,0.007885469300260297,0.002499906692819072,0.004210687490430256,0.001657624340050356,0.9997320676720508,0.00013799161964301945,0.00026793232794916936,0.00013799161964302888,3.8276046849881346e-5,3.8276046849881346e-5,3.8276046849881346e-5,3.8276046849881346e-5,3.8276046849881346e-5,3.8276046849881346e-5,3.8276046849881346e-5,3.8276046849881346e-5,3.8276046849881346e-5,3.8276046849881346e-5,3.8276046849881346e-5,3.8276046849881346e-5
92,0.9895217624932832,0.001359947180349432,0.001164248611857377,0.00044755683446448183,0.01129842180774749,0.002499996457757602,0.007532281205164993,0.0021045408390998996,0.003586800573888092,0.001388455707831978,0.999551730320961,0.00026891892790017037,0.0004482696790389098,0.0002689189279001681,8.965393580778196e-5,8.965393580778196e-5,8.965393580778196e-5,8.965393580778196e-5,8.965393580778196e-5,8.965393580778196e-5,8.965393580778196e-5,8.965393580778196e-5,8.965393580778196e-5,8.965393580778196e-5,8.965393580778196e-5,8.965393580778196e-5
93,0.990665291387313,0.0009753399126011079,0.001186178442496133,0.00034577006198669797,0.010843746772694413,0.002499826916219325,0.007332438293917175,0.0018315070464006403,0.0017556542393886193,0.0005558887640670768,0.9997418422139612,0.00015488045180785993,0.00015489467162329616,0.00011544690235005926,5.163155720776538e-5,5.163155720776538e-5,5.163155720776538e-5,5.163155720776538e-5,5.163155720776538e-5,5.163155720776538e-5,0.00015489467162329616,0.00011544690235005926,5.163155720776538e-5,5.163155720776538e-5,5.163155720776538e-5,5.163155720776538e-5
94,0.9965034965034966,0.0017984792770705446,0.0004995004995004271,0.0004995004995004996,0.003,0.001730316154346943,0.0,0.0,0.0,0.0,0.9995004995004996,0.0004995004995004996,0.0004995004995004996,0.0004995004995004996,0.0004995004995004996,0.0004995004995004996,0.0004995004995004996,0.0004995004995004996,0.0004995004995004996,0.0004995004995004996,0.0004995004995004996,0.0004995004995004996,0.0004995004995004996,0.0004995004995004996,0.0004995004995004996,0.0004995004995004996
95,0.9903474903474904,0.0020141227339492145,0.0006435006435007162,0.0004795547126153386,0.0055817947617003,0.0022285443138491774,0.007728638900815801,0.002499038327642599,0.0021468441391155,0.001423665976871409,0.9997854077253218,0.00021459227467811158,0.00021459227467811158,0.00021459227467811158,0.00021459227467811158,0.00021459227467811158,0.00021459227467811158,0.00021459227467811158,0.00021459227467811158,0.00021459227467811158,0.00021459227467811158,0.00021459227467811158,0.00021459227467811158,0.00021459227467811158,0.00021459227467811158,0.00021459227467811158
96,0.992867867867868,0.002275795802176414,0.0033783783783782884,0.0015455219358722586,0.0037678975131876413,0.002498140707904156,0.003014318010550113,0.002382488418826427,0.0,0.0,0.9996234939759037,0.00037650602409638556,0.00037650602409638556,0.00037650602409638556,0.00037650602409638556,0.00037650602409638556,0.00037650602409638556,0.00037650602409638556,0.00037650602409638556,0.00037650602409638556,0.00037650602409638556,0.00037650602409638556,0.00037650602409638556,0.00037650602409638556,0.00037650602409638556,0.00037650602409638556
